smiles;MaxEStateIndex;MinEStateIndex;MaxAbsEStateIndex;MinAbsEStateIndex;qed;MolWt;HeavyAtomMolWt;ExactMolWt;NumValenceElectrons;NumRadicalElectrons;MaxPartialCharge;MinPartialCharge;MaxAbsPartialCharge;MinAbsPartialCharge;FpDensityMorgan1;FpDensityMorgan2;FpDensityMorgan3;BCUT2D_MWHI;BCUT2D_MWLOW;BCUT2D_CHGHI;BCUT2D_CHGLO;BCUT2D_LOGPHI;BCUT2D_LOGPLOW;BCUT2D_MRHI;BCUT2D_MRLOW;BalabanJ;BertzCT;Chi0;Chi0n;Chi0v;Chi1;Chi1n;Chi1v;Chi2n;Chi2v;Chi3n;Chi3v;Chi4n;Chi4v;HallKierAlpha;Ipc;Kappa1;Kappa2;Kappa3;LabuteASA;PEOE_VSA1;PEOE_VSA10;PEOE_VSA11;PEOE_VSA12;PEOE_VSA13;PEOE_VSA14;PEOE_VSA2;PEOE_VSA3;PEOE_VSA4;PEOE_VSA5;PEOE_VSA6;PEOE_VSA7;PEOE_VSA8;PEOE_VSA9;SMR_VSA1;SMR_VSA10;SMR_VSA2;SMR_VSA3;SMR_VSA4;SMR_VSA5;SMR_VSA6;SMR_VSA7;SMR_VSA8;SMR_VSA9;SlogP_VSA1;SlogP_VSA10;SlogP_VSA11;SlogP_VSA12;SlogP_VSA2;SlogP_VSA3;SlogP_VSA4;SlogP_VSA5;SlogP_VSA6;SlogP_VSA7;SlogP_VSA8;SlogP_VSA9;TPSA;EState_VSA1;EState_VSA10;EState_VSA11;EState_VSA2;EState_VSA3;EState_VSA4;EState_VSA5;EState_VSA6;EState_VSA7;EState_VSA8;EState_VSA9;VSA_EState1;VSA_EState10;VSA_EState2;VSA_EState3;VSA_EState4;VSA_EState5;VSA_EState6;VSA_EState7;VSA_EState8;VSA_EState9;FractionCSP3;HeavyAtomCount;NHOHCount;NOCount;NumAliphaticCarbocycles;NumAliphaticHeterocycles;NumAliphaticRings;NumAromaticCarbocycles;NumAromaticHeterocycles;NumAromaticRings;NumHAcceptors;NumHDonors;NumHeteroatoms;NumRotatableBonds;NumSaturatedCarbocycles;NumSaturatedHeterocycles;NumSaturatedRings;RingCount;MolLogP;MolMR;fr_Al_COO;fr_Al_OH;fr_Al_OH_noTert;fr_ArN;fr_Ar_COO;fr_Ar_N;fr_Ar_NH;fr_Ar_OH;fr_COO;fr_COO2;fr_C_O;fr_C_O_noCOO;fr_C_S;fr_HOCCN;fr_Imine;fr_NH0;fr_NH1;fr_NH2;fr_N_O;fr_Ndealkylation1;fr_Ndealkylation2;fr_Nhpyrrole;fr_SH;fr_aldehyde;fr_alkyl_carbamate;fr_alkyl_halide;fr_allylic_oxid;fr_amide;fr_amidine;fr_aniline;fr_aryl_methyl;fr_azide;fr_azo;fr_barbitur;fr_benzene;fr_benzodiazepine;fr_bicyclic;fr_diazo;fr_dihydropyridine;fr_epoxide;fr_ester;fr_ether;fr_furan;fr_guanido;fr_halogen;fr_hdrzine;fr_hdrzone;fr_imidazole;fr_imide;fr_isocyan;fr_isothiocyan;fr_ketone;fr_ketone_Topliss;fr_lactam;fr_lactone;fr_methoxy;fr_morpholine;fr_nitrile;fr_nitro;fr_nitro_arom;fr_nitro_arom_nonortho;fr_nitroso;fr_oxazole;fr_oxime;fr_para_hydroxylation;fr_phenol;fr_phenol_noOrthoHbond;fr_phos_acid;fr_phos_ester;fr_piperdine;fr_piperzine;fr_priamide;fr_prisulfonamd;fr_pyridine;fr_quatN;fr_sulfide;fr_sulfonamd;fr_sulfone;fr_term_acetylene;fr_tetrazole;fr_thiazole;fr_thiocyan;fr_thiophene;fr_unbrch_alkane;fr_urea;Molecule_Type;HOMO_CV;LUMO_CV;HOMO_DFT;LUMO_DFT;HOMO_UPS;LUMO_IPES
CCCCC(CC)Cc1sc(-c2c3cc(-c4ccc(-c5sc(-c6ccc(C)s6)c6c5C(=O)c5c(CC(CC)CCCC)sc(CC(CC)CCCC)c5C6=O)s4)sc3c(-c3cc(F)c(CC(CC)CCCC)s3)c3cc(C)sc23)cc1F;16.50244745;-0.118905861;16.50244745;0.011693858;0.046821306;1249.956;1167.3;1248.404856;436;0;0.1966782;-0.288460238;0.288460238;0.1966782;0.365853659;0.780487805;1.219512195;32.14332179;9.808413386;2.421606754;-2.188200738;2.565247282;-2.217879869;7.306225595;0.097986084;1.135133443;3568.757818;57.93105274;49.9087507;56.44072335;39.75054731;30.90301467;37.43498731;23.39050016;32.55454314;17.56440779;27.15068878;12.57098967;22.47625949;-3.46;9.46E+18;61.62109419;27.49325254;12.55158218;519.0464036;0;11.63444168;11.56648989;0;0;0;9.589074368;8.780830095;0;90.69428702;158.1230436;111.7333216;100.9518606;20.88119737;18.36990446;122.4330652;0;0;23.67162418;197.6538045;0;111.6820674;0;50.14408053;0;8.780830095;0;90.69428702;11.56648989;25.68328649;49.15354027;219.2288071;48.53093655;0;70.31636879;0;34.14;0;0;18.36990446;23.20093157;45.92543015;218.24139;9.754294387;102.8270212;0;105.6355744;0;35.21019938;13.47565566;45.68449003;2.166508192;4.660532113;1.569928563;16.79763565;20.86105029;22.24066678;0;0.485714286;82;0;2;1;0;1;1;8;9;10;0;12;29;0;0;0;10;25.52604;362.387;0;0;0;0;0;0;0;0;0;0;2;2;0;0;0;0;0;0;0;0;0;0;0;0;0;0;0;0;0;0;2;0;0;0;1;0;4;0;0;0;0;0;0;0;2;0;0;0;0;0;0;2;0;0;0;0;0;0;0;0;0;0;0;0;0;0;0;0;0;0;0;0;0;0;0;0;0;0;0;0;0;0;8;0;0;polymer;5.5;3.58;4.96;2.62;5.1;3.05
CCCCC(CC)Cc1sc(-c2c3cc(-c4ccc(-c5sc(-c6ccc(C)s6)c6c5C(=O)c5c(CC(CC)CCCC)sc(CC(CC)CCCC)c5C6=O)s4)sc3c(-c3cc(Cl)c(CC(CC)CCCC)s3)c3cc(C)sc23)cc1Cl;15.94655594;0.051376398;15.94655594;0.051376398;0.046821118;1282.866;1200.21;1280.345755;436;0;0.1966782;-0.288460238;0.288460238;0.1966782;0.365853659;0.780487805;1.219512195;35.49679748;9.808413387;2.421450157;-2.188200747;2.56990212;-2.217879868;7.306601307;0.097986084;1.135133443;3568.757818;57.93105274;49.9087507;57.95258124;39.75054731;30.90301467;38.19091626;23.39050016;33.36894339;17.56440779;28.09907797;12.57098967;23.23838806;-2.74;9.46E+18;62.31690976;27.95895583;12.81321955;531.3218652;0;0;11.56648989;0;0;0;9.589074368;0;0;90.69428702;181.3249233;111.7333216;100.9518606;30.926464;9.589074368;145.634945;0;0;23.67162418;197.6538045;0;110.0928923;0;50.14408053;0;0;0;113.8961668;11.56648989;25.68328649;37.51909858;219.2288071;48.53093655;10.04526663;70.31636879;0;34.14;0;0;9.589074368;11.56648989;40.36197866;126.798608;116.8057946;45.34714351;45.34714351;117.7683085;23.20187978;2.58008403;29.16669685;47.87587646;4.312199612;5.243825741;2.284674768;18.2192205;22.46153026;22.74478066;0;0.485714286;82;0;2;1;0;1;1;8;9;10;0;12;29;0;0;0;10;26.55464;372.491;0;0;0;0;0;0;0;0;0;0;2;2;0;0;0;0;0;0;0;0;0;0;0;0;0;0;0;0;0;0;2;0;0;0;1;0;4;0;0;0;0;0;0;0;2;0;0;0;0;0;0;2;0;0;0;0;0;0;0;0;0;0;0;0;0;0;0;0;0;0;0;0;0;0;0;0;0;0;0;0;0;0;8;0;0;polymer;5.49;3.56;4.99;2.64;5.16;3.27
CCCCC(CC)COC(=O)c1sc2c(-c3cc4c(-c5ccc(CC(CC)CCCC)s5)c5sc(C)cc5c(-c5ccc(CC(CC)CCCC)s5)c4s3)sc(C)c2c1F;16.33676945;-0.530064534;16.33676945;0.103558239;0.063342135;919.463;855.959;918.3136355;322;0;0.350909455;-0.461135256;0.461135256;0.350909455;0.616666667;1.15;1.7;32.14072936;9.949482952;2.288366145;-2.13655992;2.551034531;-2.13576332;7.315914051;0.042916377;1.363116805;2406.177551;42.5006958;36.94670494;41.84568442;29.11598706;22.68544523;27.58442472;16.92809875;23.81864207;12.528594;19.57601557;8.78004011;16.22966418;-2.4;2.70E+13;45.61851193;20.85331325;9.717929031;381.7838988;4.736862954;4.877147194;5.817220841;0;0;5.969305288;0;9.184952232;0;68.02071527;112.1714611;87.26185982;70.82544582;16.18394907;13.92181519;104.2484529;0;0;17.75371814;145.2814003;6.606881965;66.60115922;0;30.63549176;0;4.390415048;0;68.02071527;12.57618725;17.5785062;37.41841338;147.7725558;36.39820241;0;60.89392415;0;26.3;11.78652613;4.794537184;4.390415048;4.877147194;29.74682432;57.85629124;118.3882861;11.33678588;52.27088071;84.86436281;4.736862954;25.66936909;10.64249531;23.64345154;3.198355261;2.674628029;0.773559809;14.34433298;16.53344165;18.187033;0;0.509803922;60;0;2;0;0;0;1;6;7;8;0;9;22;0;0;0;7;19.16314;269.5705;0;0;0;0;0;0;0;0;0;0;1;1;0;0;0;0;0;0;0;0;0;0;0;0;0;0;0;0;0;0;2;0;0;0;1;0;3;0;0;0;1;1;0;0;1;0;0;0;0;0;0;0;0;0;0;0;0;0;0;0;0;0;0;0;0;0;0;0;0;0;0;0;0;0;0;0;0;0;0;0;0;0;6;0;0;polymer;5.43;3.74;4.81;2.72;5.05;3.4
CCCCCCCCCCC(CCCCCCCC)Cc1cc(C)sc1-c1ccc(-c2ccc(-c3sc(-c4c(F)c(F)c(C)c5nsnc45)cc3CC(CCCCCCCC)CCCCCCCCCC)s2)s1;16.26726491;-0.810029499;16.26726491;0.237221552;0.035847282;1089.801;995.049;1088.598862;404;0;0.169609729;-0.203357452;0.203357452;0.169609729;0.397260274;0.767123288;1.205479452;32.14260758;9.880878146;2.26481966;-2.17448697;2.487290475;-2.054243314;7.286927908;0.400590121;1.23428516;2431.717158;51.62632356;46.3520303;50.43451321;35.75228375;29.78441099;33.78069406;21.87390238;26.87842581;15.59286626;21.13516705;11.20906271;16.48394548;-2.3;1.38E+16;59.93675288;33.76851378;18.99022731;462.9233764;0;11.03340144;11.63444168;0;0;0;0;8.780830095;8.747079963;45.34714351;233.1612407;86.05003513;44.58062904;17.29163884;8.780830095;68.10873229;0;8.747079963;11.83581209;259.8503584;0;69.60014576;0;39.70348185;0;8.780830095;0;57.07533086;8.747079963;12.84164325;37.31772817;254.7287424;36.39820241;0;50.73688328;0;25.78;11.63444168;0;8.780830095;11.12690298;16.95130748;28.94406221;251.5905954;23.82397457;34.01035763;79.76396837;0;40.92293204;8.443585227;10.03828305;0;4.286638325;-0.304653451;14.03807569;44.95074288;13.12439624;0;0.65625;73;0;2;0;0;0;1;5;6;7;0;9;40;0;0;0;6;24.38054;324.885;0;0;0;0;0;2;0;0;0;0;0;0;0;0;0;2;0;0;0;0;0;0;0;0;0;0;0;0;0;0;2;0;0;0;1;0;1;0;0;0;0;0;0;0;2;0;0;0;0;0;0;0;0;0;0;0;0;0;0;0;0;0;0;0;0;0;0;0;0;0;0;0;0;0;0;0;0;0;0;0;0;0;4;20;0;polymer;5.26;3.54;4.74;2.87;4.97;3.07
CCCCCCCCOc1cccc(-c2nc3c(-c4ccc(C)s4)c(F)c(F)c(-c4ccc(-c5cc6c(-c7cc(F)c(CC(CC)CCCC)s7)c7sc(C)cc7c(-c7cc(F)c(CC(CC)CCCC)s7)c6s5)s4)c3nc2-c2cccc(OCCCCCCCC)c2)c1;18.03911409;-1.001249667;18.03911409;0.030439928;0.029331226;1380.006;1289.286;1378.526269;496;0;0.169975204;-0.493577732;0.493577732;0.169975204;0.393617021;0.85106383;1.340425532;32.14017803;9.947506727;2.308273499;-2.170517848;2.552693056;-2.034152235;7.282962802;0.304068868;1.076510113;4215.349075;65.83054767;56.035139;60.93411849;45.819497;34.75818434;39.65716383;25.56639326;32.52009281;18.45365601;25.29081474;13.10062087;20.02887757;-5.74;4.12E+24;69.60506139;33.00399002;15.95254237;578.4547957;9.473725908;34.16686678;11.63444168;0;0;0;0;27.52961723;0;68.02071527;181.3826807;124.1629778;91.19756617;35.7285229;27.0353861;99.22640496;0;9.967957042;11.83581209;196.6479733;13.21376393;139.8393452;0;85.53047177;9.473725908;17.56166019;11.49902367;68.02071527;23.18172097;12.84164325;48.95216986;189.4674444;97.0618731;0;105.2371378;0;44.24;11.63444168;0;17.56166019;33.7947461;70.53239331;158.4931313;74.04014474;57.47987765;79.72014202;60.59889453;19.44168295;83.93794816;9.210533884;19.20344782;1.993680518;5.020058103;-0.167976422;31.32311203;23.63013497;18.51572761;0;0.425;94;0;4;0;0;0;4;7;11;10;0;14;35;0;0;0;11;28.14384;400.932;0;0;0;0;0;2;0;0;0;0;0;0;0;0;0;2;0;0;0;0;0;0;0;0;0;0;0;0;0;0;2;0;0;0;4;0;3;0;0;0;0;2;0;0;4;0;0;0;0;0;0;0;0;0;0;0;0;0;0;0;0;0;0;0;0;0;0;0;0;0;0;0;0;0;0;0;0;0;0;0;0;0;6;10;0;polymer;5.45;3.6;4.97;2.68;5.1;3.45
CCCCCCC(CCCC)Cc1cc(-c2cc3c4nsnc4c4cc(-c5cc(CC(CCCC)CCCCCC)c(-c6cc7c(-c8cc(F)c(CC(CC)CCCC)s8)c8sc(C)cc8c(-c8cc(F)c(CC(CC)CCCC)s8)c7s6)s5)sc4c3s2)sc1C;16.76726899;-0.06914163;16.76726899;0.06914163;0.036278394;1390.255;1291.471;1388.518447;488;0;0.137228097;-0.205756581;0.205756581;0.137228097;0.351648352;0.769230769;1.274725275;32.14581927;9.888215808;2.294481424;-2.167259381;2.565325642;-2.050310208;7.336311261;0.409906737;1.063582963;4023.991657;63.70922733;56.05178385;63.40025308;44.37866985;35.29516221;42.55743161;26.65693208;36.18032077;19.71145075;30.03632233;14.27707979;24.74616188;-3.24;1.02E+23;69.12152567;32.66805696;15.77769162;579.2685818;0;22.66784312;0;0;0;0;0;8.780830095;8.747079963;90.69428702;209.4896165;122.8602246;100.597406;21.12802718;8.780830095;153.8004523;0;8.747079963;23.67162418;249.0203774;0;90.80086999;0;50.14408053;0;8.780830095;0;102.4224744;8.747079963;25.68328649;49.15354027;240.1251083;48.53093655;0;101.5220585;0;25.78;0;0;8.780830095;11.63444168;17.75371814;105.3741938;218.6490037;28.23702325;80.1534494;105.6355744;8.747079963;48.67430072;16.26533408;14.41287595;4.78566065;7.331403686;2.118614196;18.58757021;33.37990103;22.94433948;0;0.538461538;91;0;2;0;0;0;2;9;11;11;0;13;37;0;0;0;11;30.18254;412.001;0;0;0;0;0;2;0;0;0;0;0;0;0;0;0;2;0;0;0;0;0;0;0;0;0;0;0;0;0;0;2;0;0;0;2;0;8;0;0;0;0;0;0;0;2;0;0;0;0;0;0;0;0;0;0;0;0;0;0;0;0;0;0;0;0;0;0;0;0;0;0;0;0;0;0;0;0;0;0;0;0;0;8;4;0;polymer;5.52;3.47;4.91;2.61;5.04;2.86
CCCCCCc1cc(C)sc1C;2.353120748;1.28787037;2.353120748;1.28787037;0.608739547;196.359;176.199;196.1285716;74;0;0.004898526;-0.145723924;0.145723924;0.004898526;1.153846154;1.923076923;2.461538462;32.13355907;10.07407127;2.010069263;-1.9849455;2.218421252;-1.843709632;7.115391816;0.666334391;2.318301529;247.6271972;9.681798276;9.021132466;9.837629047;6.236382105;5.296258731;6.112755312;3.749134847;5.209581979;2.443451;3.451652321;1.673910221;2.650139584;-0.3;988.2718994;10.77874016;5.434431417;3.513846596;85.99130331;0;0;0;0;0;0;0;0;0;11.33678588;26.18620207;38.31893621;9.754294387;0;0;11.33678588;0;0;0;52.87531971;0;21.38411295;0;0;0;0;0;11.33678588;0;6.420821623;13.8474744;47.92476957;6.066367068;0;0;0;0;0;0;0;0;0;0;41.8584025;5.563451492;11.33678588;26.83757867;0;0;1.933008997;2.983324069;0;1.582039872;0;2.353120748;6.773486788;6.70835286;0;0.666666667;13;0;0;0;0;0;0;1;1;1;0;1;5;0;0;0;1;4.48774;61.639;0;0;0;0;0;0;0;0;0;0;0;0;0;0;0;0;0;0;0;0;0;0;0;0;0;0;0;0;0;0;3;0;0;0;0;0;0;0;0;0;0;0;0;0;0;0;0;0;0;0;0;0;0;0;0;0;0;0;0;0;0;0;0;0;0;0;0;0;0;0;0;0;0;0;0;0;0;0;0;0;0;0;1;2;0;polymer;5.15;3.14;4.43;2.11;4.6;2.17
CCCCC(CC)Cc1ccc(-c2c3cc(-c4ccc(-c5sc(C)c6c5C(=O)c5c(CC(CC)CCCC)sc(CC(CC)CCCC)c5C6=O)s4)sc3c(-c3ccc(CC(CC)CCCC)s3)c3cc(C)sc23)s1;15.47754658;0.084941545;15.47754658;0.084941545;0.048977111;1131.849;1049.193;1130.435979;400;0;0.196664728;-0.288474481;0.288474481;0.196664728;0.386666667;0.826666667;1.32;32.1418225;9.810719302;2.408404089;-2.185994488;2.550125045;-2.218842741;7.294755191;0.097900722;1.146674009;3109.033882;52.91454488;46.74457347;52.46004953;36.46285361;29.12278497;34.83826103;21.97565493;30.11907718;16.61646195;24.88770577;11.96205187;20.67765317;-3.02;5.16E+16;56.69190266;25.84149663;11.9692578;478.0178753;0;0;11.56648989;0;0;0;9.589074368;0;0;79.35750115;158.1230436;111.7333216;101.6381649;10.44059869;9.589074368;111.0962793;0;0;23.67162418;197.6538045;0;100.0476257;0;40.38978615;0;0;0;79.35750115;11.56648989;25.68328649;37.51909858;219.2288071;48.53093655;0;60.56207441;0;34.14;0;0;9.589074368;11.56648989;22.96271508;92.2942024;148.9099027;34.01035763;45.34714351;117.7683085;0;2.779386583;13.19991716;45.60378125;2.740590287;5.603906746;2.64925241;19.22288983;23.50475904;22.86218336;0;0.515151515;75;0;2;1;0;1;1;7;8;9;0;9;28;0;0;0;9;23.51934;339.158;0;0;0;0;0;0;0;0;0;0;2;2;0;0;0;0;0;0;0;0;0;0;0;0;0;0;0;0;0;0;2;0;0;0;1;0;4;0;0;0;0;0;0;0;0;0;0;0;0;0;0;2;0;0;0;0;0;0;0;0;0;0;0;0;0;0;0;0;0;0;0;0;0;0;0;0;0;0;0;0;0;0;7;0;0;polymer;5.34;3.44;4.85;2.54;4.96;2.88
CCCCC(CC)Cc1sc(CC(CC)CCCC)c2c1C(=O)c1c(-c3ccc(C)s3)sc(-c3ccc(-c4cc5c(-c6cc(F)c(SC(CC)CCCC)s6)c6sc(C)cc6c(-c6cc(F)c(SC(CC)CCCC)s6)c5s4)s3)c1C2=O;16.4792993;-0.158697719;16.4792993;0.008292497;0.043772251;1286.036;1207.412;1284.317698;436;0;0.1966782;-0.288460238;0.288460238;0.1966782;0.414634146;0.87804878;1.353658537;32.19759403;9.808413387;2.421721067;-2.188200728;2.573104887;-2.217879869;8.016491376;0.097986084;1.135133443;3574.640875;57.93105274;49.31103372;57.47599953;39.75054731;30.25906412;38.55034239;22.45848254;34.59149473;16.54335706;29.37454233;11.79257363;24.51928706;-2.76;9.64E+18;62.29757643;27.94598833;12.80591974;526.5627394;0;11.63444168;11.56648989;0;0;0;9.589074368;8.780830095;0;114.2180569;132.4397571;112.7391528;101.6974422;29.29955573;18.36990446;145.9568351;0;0;11.83581209;203.7303956;0;101.927773;0;50.14408053;0;8.780830095;0;114.2180569;22.06636595;12.84164325;37.31772817;209.4745127;56.9492949;0;70.31636879;0;34.14;0;0;18.36990446;23.20093157;44.58949412;208.9409579;4.877147194;126.3507911;0;105.6355744;0;36.61624404;16.73937346;43.9195994;2.830161042;4.610535517;0.613687938;16.70819293;19.13643128;22.15910773;0;0.470588235;82;0;2;1;0;1;1;8;9;12;0;14;29;0;0;0;10;26.13004;367.289;0;0;0;0;0;0;0;0;0;0;2;2;0;0;0;0;0;0;0;0;0;0;0;0;0;0;0;0;0;0;2;0;0;0;1;0;4;0;0;0;0;0;0;0;2;0;0;0;0;0;0;2;0;0;0;0;0;0;0;0;0;0;0;0;0;0;0;0;0;0;0;0;0;0;0;2;0;0;0;0;0;0;8;0;0;polymer;5.49;3.57;5.07;2.71;5.29;3.18
CCCCCCCCc1cc(/C=C2\SC(=S)N(CC)C2=O)sc1-c1ccc(-c2sc(-c3cc4c(-c5ccc(CC(CC)CCCC)s5)c5sc(-c6cc(CCCCCCCC)c(-c7ccc(-c8sc(/C=C9\SC(=S)N(CC)C9=O)cc8CCCCCCCC)s7)s6)cc5c(-c5ccc(CC(CC)CCCC)s5)c4s3)cc2CCCCCCCC)s1;13.67219612;0.032269719;13.67219612;0.032269719;0.021497285;1863.096;1734.072;1860.606575;642;0;0.265699873;-0.293173611;0.293173611;0.265699873;0.316666667;0.625;0.95;32.18448423;9.949406767;2.340239213;-2.129687947;2.578371265;-2.267613699;8.268232422;-0.122328049;0.951281738;4868.236426;84.02257135;73.10297593;84.53392806;58.6918629;46.14577325;56.7602288;33.41715887;47.64924913;24.33130108;39.527456;17.27183308;32.61891454;-3.96;7.14E+36;93.67293658;47.19849157;23.68525479;778.9672691;0;8.641068171;0;0;11.81435946;0;19.38889383;0;0;113.3678588;283.1324198;209.2264879;132.1773535;9.810273028;9.589074368;214.1071317;0;9.799819462;11.83581209;313.2285937;13.08951281;136.5018067;0;79.4069637;0;0;0;161.3273756;43.3447599;48.11400411;11.83581209;316.4660587;94.73941199;0;111.7312922;0;40.62;0;9.589074368;0;11.81435946;33.56639308;58.08949715;360.5774141;9.799819462;81.86818967;197.8182203;24.43574689;4.16234735;34.38234262;56.91388671;2.807970183;8.649870972;1.422045954;35.2156595;51.10419247;24.00835091;0;0.509803922;120;0;4;0;2;2;1;10;11;16;0;18;52;0;2;2;13;37.516;557.158;0;0;0;0;0;0;0;0;0;0;2;2;2;0;0;2;0;0;0;2;0;0;0;0;0;0;0;2;0;0;4;0;0;0;1;0;2;0;0;0;0;0;0;0;0;0;0;0;0;0;0;0;0;0;0;0;0;0;0;0;0;0;0;0;0;0;0;0;0;0;0;0;0;0;0;2;0;0;0;0;0;0;10;16;0;molecule;5.24;3.4;4.89;2.78;5.1;3.3
CCCCCCCCc1cc(-c2cc3sc4c(-c5ccc(CC(CCCC)CCCCCC)s5)c5c(sc6cc(-c7cc(CCCCCCCC)c(-c8ccc(/C=C9/SC(=S)C(CCCCCC)C9=O)s8)s7)sc65)c(C5=CC=C(CC(CCCC)CCCCCC)C5)c4c3s2)sc1-c1ccc(/C=C2/SC(=S)C(CCCCCC)C2=O)s1;13.99555611;-0.135340138;13.99555611;0.135215542;0.021472056;1791.004;1661.98;1788.628356;622;0;0.177947243;-0.292845127;0.292845127;0.177947243;0.370689655;0.775862069;1.25862069;32.18430669;9.871635022;2.37141408;-2.184010048;2.599483903;-2.124393597;8.271552875;-0.116805982;0.937339001;5031.677682;80.86787081;70.92162079;81.53607635;56.82815959;45.61292526;55.41088423;33.81471151;47.09098612;24.506137;38.79230765;17.87714163;32.48732992;-3.26;4.22E+36;90.4656869;45.92317167;23.01112855;752.1688425;0;0;11.56648989;0;0;0;9.589074368;0;0;102.0310729;339.3824943;159.1389251;99.2247974;39.43912356;9.589074368;226.6473909;0;0;23.67162418;331.4852274;0;119.5208845;0;49.45777624;0;0;0;149.9905897;19.9596885;28.85153924;23.67162418;343.5445586;88.19908846;0;106.1548889;0;34.14;0;9.589074368;0;23.40230199;5.917906046;91.66306667;329.0011383;33.97402162;45.34714351;197.0415781;24.43574689;10.41207858;33.06430866;45.85546617;2.97143358;9.056685121;1.628252282;24.73855077;62.34914825;18.59074325;0;0.544554455;116;0;2;1;2;3;1;9;10;15;0;15;52;0;2;2;13;38.3352;542.089;0;0;0;0;0;0;0;0;0;0;2;2;2;0;0;0;0;0;0;0;0;0;0;0;0;0;6;0;0;0;2;0;0;0;1;0;6;0;0;0;0;0;0;0;0;0;0;0;0;0;0;2;2;0;0;0;0;0;0;0;0;0;0;0;0;0;0;0;0;0;0;0;0;0;0;2;0;0;0;0;0;0;9;16;0;molecule;5.31;3.44;5.02;2.83;5.24;3.37
CCCCCCCCC(CCCCCC)COc1cnc2c(-c3ccc(C)s3)c(F)c(F)c(C)c2n1;14.96389682;-0.868632646;14.96389682;0.16728975;0.177665882;516.742;474.406;516.2985914;198;0;0.232414412;-0.476264797;0.476264797;0.232414412;0.833333333;1.472222222;2.111111111;32.13356101;9.947666635;2.223631161;-2.178150219;2.373787018;-2.133826418;7.150707236;0.217022732;1.727846815;1098.232687;25.91563832;22.46864195;23.28513853;17.45592746;13.7963485;14.61284508;10.02652164;11.31442274;6.969360863;7.987539014;4.750258295;5.657647501;-2.08;114041831.4;28.49068169;14.60669541;7.70840324;219.2633952;4.736862954;5.516700718;11.63444168;5.879988336;0;0;0;18.74878714;0;11.33678588;78.05569063;44.73975783;15.31774588;23.88387775;13.51769305;22.37018731;0;9.967957042;5.917906046;104.7448083;6.606881965;40.40461808;0;16.32058702;4.736862954;8.780830095;5.879988336;11.33678588;16.57483901;0;31.39982213;101.3379326;18.32957771;0;21.47400012;0;35.01;11.63444168;8.780830095;0;11.12690298;34.31532498;17.71879044;75.54500211;13.12058077;19.05647134;23.81543144;4.736862954;35.9135022;1.421571228;10.79014163;0;1.092096744;-0.879230205;3.710830233;16.55656481;8.561190028;0;0.6;36;0;3;0;0;0;1;2;3;4;0;6;16;0;0;0;3;9.96934;147.978;0;0;0;0;0;2;0;0;0;0;0;0;0;0;0;2;0;0;0;0;0;0;0;0;0;0;0;0;0;0;2;0;0;0;1;0;1;0;0;0;0;1;0;0;2;0;0;0;0;0;0;0;0;0;0;0;0;0;0;0;0;0;0;0;0;0;0;0;0;0;0;0;0;0;0;0;0;0;0;0;0;0;1;6;0;polymer;5.55;3.54;4.99;2.69;5.32;3
CCCCCCc1ccc(C2(c3ccc(CCCCCC)cc3)c3cc4c(cc3-c3sc(-c5sc(/C=C6\C(=O)c7ccccc7C6=C(C#N)C#N)cc5OCC(CC)CCCC)cc32)C(c2ccc(CCCCCC)cc2)(c2ccc(CCCCCC)cc2)c2cc(-c3sc(/C=C5\C(=O)c6ccccc6C5=C(C#N)C#N)cc3OCC(CC)CCCC)sc2-4)cc1;14.85685403;-0.879065096;14.85685403;0.097357029;0.020863587;1736.49;1617.546;1734.803592;642;0;0.193895298;-0.491715633;0.491715633;0.193895298;0.341269841;0.650793651;0.944444444;32.13878259;9.653506658;2.53705868;-2.354936115;2.672840887;-2.296412062;7.251242468;0.10315841;1.021456789;5564.14253;87.85099847;74.89795329;78.16393962;61.77761375;47.00079627;50.26678259;35.13256417;39.40451576;26.8986529;31.722002;19.80999567;24.60439095;-10.8;5.43E+42;90.00355414;41.75872872;18.02193869;764.3392733;9.473725908;46.92211798;11.56648989;0;0;0;9.589074368;0;21.04756622;45.34714351;316.5574965;213.6094948;62.68220427;33.79803926;19.06280028;80.21188268;21.04756622;0;11.83581209;246.002884;13.21376393;303.0529484;0;76.16569506;9.473725908;0;11.49902367;45.34714351;24.78025382;36.51326743;57.16026356;317.8482092;204.2834302;0;63.68803542;0;147.76;10.82998094;30.63664059;0;22.71269895;69.59580011;143.4950528;164.6924747;34.80630589;71.22381438;213.1268584;9.473725908;14.60122564;6.860398025;37.69162414;42.33256752;18.76294739;1.683570627;76.54687711;34.84857017;19.17221938;0;0.368421053;126;0;8;4;0;4;7;4;11;12;0;12;42;0;0;0;15;31.83572;526.207;0;0;0;0;0;0;0;0;0;0;2;2;0;0;0;4;0;0;0;0;0;0;0;0;0;0;6;0;0;0;4;0;0;0;7;0;8;0;0;0;0;2;0;0;0;0;0;0;0;0;0;2;2;0;0;0;0;4;0;0;0;0;0;0;0;0;0;0;0;0;0;0;0;0;0;0;0;0;0;0;0;0;4;8;0;molecule;5.41;3.95;5.03;3.26;5.4;3.75
CCCCCCc1ccc(C2(c3ccc(CCCCCC)cc3)c3cc4c(cc3-c3sc(-c5sc(/C=C6\C(=O)c7cc(F)c(F)cc7C6=C(C#N)C#N)cc5OCC(CC)CCCC)cc32)C(c2ccc(CCCCCC)cc2)(c2ccc(CCCCCC)cc2)c2cc(-c3sc(/C=C5\C(=O)c6cc(F)c(F)cc6C5=C(C#N)C#N)cc3OCC(CC)CCCC)sc2-4)cc1;15.39877553;-1.214900369;15.39877553;0.017727718;0.015894734;1808.45;1693.538;1806.765905;666;0;0.194004542;-0.491715633;0.491715633;0.194004542;0.346153846;0.646153846;0.930769231;32.13878422;9.653506658;2.538338068;-2.354936114;2.673665409;-2.296412062;7.251264405;0.103116516;1.025589742;5810.895872;91.33197243;76.10041011;79.36639643;63.38667466;47.41142575;50.67741208;35.66519793;39.93714953;27.16542026;31.98876936;19.89481991;24.6892152;-11.08;2.70E+44;93.59425169;42.42797248;18.56343723;781.0014149;9.473725908;46.92211798;34.83537326;0;0;0;9.589074368;17.56166019;21.04756622;45.34714351;268.0265599;237.8749631;62.68220427;33.79803926;36.62446047;80.21188268;21.04756622;0;11.83581209;246.002884;13.21376393;302.0563635;0;76.16569506;9.473725908;17.56166019;11.49902367;45.34714351;24.78025382;36.51326743;80.42914693;317.8482092;180.0179619;0;63.68803542;0;147.76;56.81156326;30.63664059;17.56166019;56.38203618;34.46708198;288.9458718;44.92737772;34.82561197;36.40961939;176.717239;9.473725908;75.81955572;6.304273351;36.46229108;42.14122269;12.77109924;-4.453735333;62.76700629;32.77056695;18.58438668;0;0.368421053;130;0;8;4;0;4;7;4;11;12;0;16;42;0;0;0;15;32.39212;526.039;0;0;0;0;0;0;0;0;0;0;2;2;0;0;0;4;0;0;0;0;0;0;0;0;0;0;6;0;0;0;4;0;0;0;7;0;8;0;0;0;0;2;0;0;4;0;0;0;0;0;0;2;2;0;0;0;0;4;0;0;0;0;0;0;0;0;0;0;0;0;0;0;0;0;0;0;0;0;0;0;0;0;4;8;0;molecule;5.49;4.1;5.14;3.4;5.5;3.9
CCCCCCc1ccc(C2(c3ccc(CCCCCC)cc3)c3cc4c(cc3-c3sc(-c5sc(/C=C6\C(=O)c7cc(Cl)c(Cl)cc7C6=C(C#N)C#N)cc5OCC(CC)CCCC)cc32)C(c2ccc(CCCCCC)cc2)(c2ccc(CCCCCC)cc2)c2cc(-c3sc(/C=C5\C(=O)c6cc(Cl)c(Cl)cc6C5=C(C#N)C#N)cc3OCC(CC)CCCC)sc2-4)cc1;15.02756227;-0.921511245;15.02756227;0.198272394;0.020863587;1874.27;1759.358;1870.647703;666;0;0.193950372;-0.491715633;0.491715633;0.193950372;0.346153846;0.646153846;0.930769231;35.50047364;9.653506658;2.538120415;-2.354936115;2.674467572;-2.296412062;7.251388819;0.103159218;1.025589742;5810.895872;91.33197243;76.10041011;82.39011222;63.38667466;47.41142575;52.18926997;35.66519793;41.56595003;27.16542026;33.43306949;19.89481991;25.34386887;-9.64;2.70E+44;94.98604587;43.36732915;19.0725715;805.5523382;9.473725908;46.92211798;11.56648989;0;0;0;9.589074368;0;21.04756622;45.34714351;314.4303195;237.8749631;62.68220427;53.88857251;19.06280028;126.6156422;21.04756622;0;11.83581209;246.002884;13.21376393;298.8780134;0;76.16569506;9.473725908;0;11.49902367;91.75090307;24.78025382;36.51326743;57.16026356;317.8482092;180.0179619;20.09053325;63.68803542;0;147.76;10.82998094;21.04756622;9.589074368;88.0583654;35.83969058;237.6245084;59.06399544;69.61261179;12.15204021;213.1268584;55.87748547;14.59249089;33.4755578;37.62920178;43.43088744;16.74869586;1.237769717;67.39624222;34.12136313;18.97890227;0;0.368421053;130;0;8;4;0;4;7;4;11;12;0;16;42;0;0;0;15;34.44932;546.247;0;0;0;0;0;0;0;0;0;0;2;2;0;0;0;4;0;0;0;0;0;0;0;0;0;0;6;0;0;0;4;0;0;0;7;0;8;0;0;0;0;2;0;0;4;0;0;0;0;0;0;2;2;0;0;0;0;4;0;0;0;0;0;0;0;0;0;0;0;0;0;0;0;0;0;0;0;0;0;0;0;0;4;8;0;molecule;5.47;4.1;5.19;3.48;5.3;4
CCCCCCc1ccc(C2(c3ccc(CCCCCC)cc3)c3cc4c(cc3-c3sc5cc(/C=C6\C(=O)c7ccccc7C6=C(C#N)C#N)sc5c32)C(c2ccc(CCCCCC)cc2)(c2ccc(CCCCCC)cc2)c2c-4sc3cc(/C=C4\C(=O)c5ccccc5C4=C(C#N)C#N)sc23)cc1;14.64924884;-0.838749477;14.64924884;0.080295603;0.03015735;1427.984;1345.328;1426.532062;514;0;0.193895286;-0.288564945;0.288564945;0.193895286;0.355769231;0.653846154;0.942307692;32.13855134;9.653582695;2.545264158;-2.355741864;2.681818359;-2.297288342;7.308255236;0.103158536;1.011758134;5026.708664;71.64210246;59.70098782;62.96697415;51.05020714;37.5825803;40.84856663;28.58302431;32.85497591;22.22556217;27.02321252;17.10082863;22.56446016;-9.88;1.07E+32;69.81613119;30.06613726;12.03280156;627.5222497;0;35.42309431;11.56648989;0;0;0;9.589074368;0;21.04756622;45.34714351;250.3376179;165.6724024;73.45465269;20.22982077;9.589074368;99.01156234;21.04756622;0;0;166.9413622;0;290.9202143;0;45.15808262;0;0;0;45.34714351;11.56648989;36.51326743;45.32445147;238.7866874;192.150696;0;62.97912631;0;129.3;10.82998094;30.63664059;0;22.71269895;44.54622409;79.92054704;164.6924747;34.80630589;71.22381438;173.2991754;0;4.489216987;7.014478736;33.46671965;41.76053236;19.14776854;-0.388587271;71.24062464;26.69937945;9.069866899;0;0.276595745;104;0;6;4;0;4;7;4;11;10;0;10;26;0;0;0;15;25.61772;432.745;0;0;0;0;0;0;0;0;0;0;2;2;0;0;0;4;0;0;0;0;0;0;0;0;0;0;6;0;0;0;4;0;0;0;7;0;12;0;0;0;0;0;0;0;0;0;0;0;0;0;0;2;2;0;0;0;0;4;0;0;0;0;0;0;0;0;0;0;0;0;0;0;0;0;0;0;0;0;0;0;0;0;4;8;0;molecule;5.59;4;5.45;3.34;5.68;3.9
CCCCCCc1ccc(C2(c3ccc(CCCCCC)cc3)c3cc4c(cc3-c3sc5cc(/C=C6\C(=O)c7cc(F)c(F)cc7C6=C(C#N)C#N)sc5c32)C(c2ccc(CCCCCC)cc2)(c2ccc(CCCCCC)cc2)c2c-4sc3cc(/C=C4\C(=O)c5cc(F)c(F)cc5C4=C(C#N)C#N)sc23)cc1;15.20061557;-1.207928713;15.20061557;0.005007585;0.022975093;1499.944;1421.32;1498.494375;538;0;0.194004531;-0.288563021;0.288563021;0.194004531;0.361111111;0.648148148;0.925925926;32.13855296;9.653582694;2.546394984;-2.355741851;2.68251885;-2.297288349;7.308276007;0.103116642;1.013952376;5269.724206;75.12307641;60.90344464;64.16943096;52.65926805;37.99320979;41.25919611;29.11565808;33.38760968;22.49232953;27.28997987;17.18565288;22.64928441;-10.16;1.33E+34;73.3553323;30.83673783;12.57354994;644.1843913;0;35.42309431;34.83537326;0;0;0;9.589074368;17.56166019;21.04756622;45.34714351;201.8066814;189.9378706;73.45465269;20.22982077;27.15073456;99.01156234;21.04756622;0;0;166.9413622;0;289.9236294;0;45.15808262;0;17.56166019;0;45.34714351;11.56648989;36.51326743;68.59333483;238.7866874;167.8852278;0;62.97912631;0;129.3;45.6653542;30.63664059;17.56166019;55.69243315;9.754294387;236.8703897;44.92737772;34.82561197;24.27688525;149.0222902;0;64.46070965;6.395904959;32.7249076;41.56540918;12.75912208;-6.032724759;57.34749429;25.03584271;8.910000958;0;0.276595745;108;0;6;4;0;4;7;4;11;10;0;14;26;0;0;0;15;26.17412;432.577;0;0;0;0;0;0;0;0;0;0;2;2;0;0;0;4;0;0;0;0;0;0;0;0;0;0;6;0;0;0;4;0;0;0;7;0;12;0;0;0;0;0;0;0;4;0;0;0;0;0;0;2;2;0;0;0;0;4;0;0;0;0;0;0;0;0;0;0;0;0;0;0;0;0;0;0;0;0;0;0;0;0;4;8;0;molecule;5.73;4.17;5.58;3.5;5.9;4.1
CCCCCCc1ccc(C2(c3ccc(CCCCCC)cc3)c3cc4c(cc3-c3sc5cc(/C=C6\C(=O)c7cc(Cl)c(Cl)cc7C6=C(C#N)C#N)sc5c32)C(c2ccc(CCCCCC)cc2)(c2ccc(CCCCCC)cc2)c2c-4sc3cc(/C=C4\C(=O)c5cc(Cl)c(Cl)cc5C4=C(C#N)C#N)sc23)cc1;14.82233637;-0.892366957;14.82233637;0.182718281;0.030157333;1565.764;1487.14;1562.376172;538;0;0.19395036;-0.288563978;0.288563978;0.19395036;0.361111111;0.648148148;0.925925926;35.50046902;9.653582695;2.546202542;-2.355741864;2.683194751;-2.297288345;7.308386252;0.103159344;1.013952376;5269.724206;75.12307641;60.90344464;67.19314675;52.65926805;37.99320979;42.771054;29.11565808;35.01641018;22.49232953;28.73428001;17.18565288;23.30393808;-8.72;1.33E+34;74.72838274;31.70289798;13.00948146;668.7353146;0;35.42309431;11.56648989;0;0;0;9.589074368;0;21.04756622;45.34714351;248.2104409;189.9378706;73.45465269;40.32035403;9.589074368;145.4153219;21.04756622;0;0;166.9413622;0;286.7452793;0;45.15808262;0;0;0;91.75090307;11.56648989;36.51326743;45.32445147;238.7866874;167.8852278;20.09053325;62.97912631;0;129.3;10.82998094;30.63664059;0;65.09565033;22.25380597;148.7388369;95.87418492;69.61261179;12.15204021;173.2991754;46.40375956;4.275453809;33.32486494;33.57742634;42.90101926;16.99474825;-0.667340653;62.06045539;26.12418132;9.020302467;0;0.276595745;108;0;6;4;0;4;7;4;11;10;0;14;26;0;0;0;15;28.23132;452.785;0;0;0;0;0;0;0;0;0;0;2;2;0;0;0;4;0;0;0;0;0;0;0;0;0;0;6;0;0;0;4;0;0;0;7;0;12;0;0;0;0;0;0;0;4;0;0;0;0;0;0;2;2;0;0;0;0;4;0;0;0;0;0;0;0;0;0;0;0;0;0;0;0;0;0;0;0;0;0;0;0;0;4;8;0;molecule;5.64;4.08;5.63;3.58;5.8;4
CCCCCCCCCCCc1c(/C=C2\C(=O)c3cc(C)ccc3C2=C(C#N)C#N)sc2c1sc1c3c4nsnc4c4c5sc6c(CCCCCCCCCCC)c(/C=C7\C(=O)c8cc(-c9ccc(C)s9)ccc8C7=C(C#N)C#N)sc6c5n(CC(CCCCCCCC)CCCCCCCCCC)c4c3n(CC(CCCCCCCC)CCCCCCCCCC)c21;15.75930505;-0.142560476;15.75930505;0.03326641;0.020640449;1826.84;1681.688;1824.973652;680;0;0.193918079;-0.336515371;0.336515371;0.193918079;0.359375;0.6953125;1.0390625;32.14282631;9.931494581;2.383387995;-2.218798305;2.569926695;-2.13704835;7.345246806;0.103157819;1.09157387;5811.537481;89.6794256;78.9556645;83.85464399;62.87706717;50.87385072;55.68663037;37.86574874;43.82773666;28.02128048;34.74191644;20.89626602;28.24197803;-7.64;2.57E+42;97.8782695;50.28165409;23.50420309;790.3650303;9.134199296;46.45649575;11.56648989;0;0;0;9.589074368;0;29.79464618;56.68392939;353.8874944;141.2846254;76.78987112;61.99450971;9.589074368;175.3490281;21.04756622;17.88127926;11.83581209;402.3621348;0;124.3989567;0;34.71748394;0;0;0;68.41211673;29.44776915;25.93115606;71.00773796;425.7481807;70.82335467;0;105.8110202;0;164.94;0;21.04756622;9.589074368;22.71269895;56.38203618;114.089475;358.4455165;11.33678588;82.60271605;112.2283864;8.747079963;24.58408378;10.6052579;35.47668074;46.05003106;15.54572622;0.512299858;25.24042163;67.62331863;19.69551352;0;0.571428571;128;0;10;2;0;2;3;8;11;16;0;16;59;0;0;0;13;36.90796;555.799;0;0;0;0;0;4;0;0;0;0;2;2;0;0;0;8;0;0;0;0;0;0;0;0;0;0;6;0;0;0;4;0;0;0;3;0;16;0;0;0;0;0;0;0;0;0;0;0;0;0;0;2;2;0;0;0;0;4;0;0;0;0;0;0;0;0;0;0;0;0;0;0;0;0;0;0;0;0;0;0;0;0;5;34;0;polymer;5.6;3.83;5.45;3.44;5.56;4.05
CCCCCCCCCCCc1c(/C=C2\C(=O)c3cc(F)c(F)cc3C2=C(C#N)C#N)sc2c1sc1c3c4nsnc4c4c5sc6c(CCCCCCCCCCC)c(/C=C7\C(=O)c8cc(F)c(F)cc8C7=C(C#N)C#N)sc6c5n(CCC(CC)CCCC)c4c3n(CCC(CC)CCCC)c21;15.25220166;-1.188439514;15.25220166;0.006568251;0.01619869;1480.025;1389.305;1478.572642;536;0;0.194004705;-0.336786257;0.336786257;0.194004705;0.427184466;0.766990291;1.106796117;32.14223182;9.955007717;2.384059899;-2.181489974;2.562669285;-2.084481573;7.344832508;0.103116345;1.131184505;4869.691398;72.58754251;60.19352384;64.27600675;50.23210788;37.89418111;41.89046417;28.39023962;33.06432644;21.78587233;27.45675203;16.08780695;22.56965521;-7.62;4.50E+29;75.07533731;34.08768265;14.66205313;621.5711036;9.134199296;46.45649575;34.83537326;0;0;0;9.589074368;17.56166019;29.79464618;45.34714351;195.6421421;109.0320563;67.03557673;61.99450971;27.15073456;164.0122423;21.04756622;17.88127926;11.83581209;247.2565847;0;112.9617731;0;24.27688525;0;17.56166019;0;57.07533086;29.44776915;25.93115606;80.42914693;274.0495063;46.55788639;0;95.37042151;0;164.94;34.83537326;30.63664059;17.56166019;55.69243315;37.76696815;232.7936271;75.93640357;57.49918373;24.27688525;50.67662249;8.747079963;83.07012706;7.893906899;31.12657789;43.87648258;7.378617272;-5.010434736;11.51162162;35.74689795;14.90620346;0;0.476190476;103;0;10;2;0;2;3;7;10;15;0;19;36;0;0;0;12;26.53682;421.27;0;0;0;0;0;4;0;0;0;0;2;2;0;0;0;8;0;0;0;0;0;0;0;0;0;0;6;0;0;0;4;0;0;0;3;0;16;0;0;0;0;0;0;0;4;0;0;0;0;0;0;2;2;0;0;0;0;4;0;0;0;0;0;0;0;0;0;0;0;0;0;0;0;0;0;0;0;0;0;0;0;0;4;14;0;molecule;5.55;4.21;5.6;3.57;5.61;4
CCCCC(CC)Cn1nc2c(n1)c1c3sc4cc(/C=C5\C(=O)c6ccccc6C5=C(C#N)C#N)sc4c3n(CC(CC)CCCC)c1c1c2c2sc3cc(/C=C4\C(=O)c5ccccc5C4=C(C#N)C#N)sc3c2n1CC(CC)CCCC;14.25767258;-0.190570796;14.25767258;0.077055408;0.053612392;1166.581;1103.077;1165.398756;416;0;0.193895287;-0.336515281;0.336515281;0.193895287;0.506024096;0.879518072;1.240963855;32.13853013;9.985262926;2.36066717;-2.20006164;2.542331218;-2.125035823;7.340823264;0.103158537;1.177994393;4322.989107;57.79286006;47.74126786;51.00725418;40.55569997;29.50696964;32.77295597;22.42653202;26.69848361;17.44219907;22.16517138;13.00980995;18.30266213;-7.76;8.73E+19;55.75800386;23.12076455;9.287778172;498.503384;9.134199296;46.45649575;11.56648989;0;0;0;9.589074368;0;36.04143606;45.34714351;147.8607544;72.42786034;76.43541656;47.41123894;9.589074368;152.2840549;21.04756622;24.12806913;17.75371814;138.2265519;0;114.9641892;0;24.27688525;0;0;0;45.34714351;35.69455903;19.63426922;63.07816961;160.1894574;82.9560888;0;95.37042151;0;169.87;0;30.63664059;0;22.71269895;62.29994223;147.0439526;31.4666427;57.47987765;53.34674885;87.08624188;10.19736362;12.11962851;6.868974944;32.27699127;54.26226419;10.06007647;0.809725797;27.20996082;16.8729988;16.0193792;0;0.352941176;83;0;11;2;0;2;3;7;10;15;0;15;20;0;0;0;12;19.01002;343.761;0;0;0;0;0;5;0;0;0;0;2;2;0;0;0;9;0;0;0;0;0;0;0;0;0;0;6;0;0;0;0;0;0;0;3;0;16;0;0;0;0;0;0;0;0;0;0;0;0;0;0;2;2;0;0;0;0;4;0;0;0;0;0;0;0;0;0;0;0;0;0;0;0;0;0;0;0;0;0;0;0;0;4;0;0;molecule;5.45;3.92;5.39;3.38;5.44;3.68
CCCCC(CC)Cn1nc2c(n1)c1c3sc4cc(/C=C5\C(=O)c6cscc6C5=C(C#N)C#N)sc4c3n(CC(CC)CCCC)c1c1c2c2sc3cc(/C=C4\C(=O)c5cscc5C4=C(C#N)C#N)sc3c2n1CC(CC)CCCC;14.11546413;-0.165687009;14.11546413;0.060096424;0.053612064;1178.639;1119.167;1177.311598;408;0;0.194735082;-0.336515281;0.336515281;0.194735082;0.518518519;0.901234568;1.271604938;32.14043392;9.985284297;2.36707093;-2.200062084;2.543840047;-2.125035909;7.34112785;0.103194969;1.176691836;4238.223054;56.37864649;46.24836336;51.14734285;39.55569997;28.44977869;33.60138309;21.73363504;27.49272673;16.91198005;23.12209246;12.54455943;19.47547165;-6.8;8.84E+18;54.77052172;22.50937869;8.987184574;493.7841105;9.134199296;46.45649575;11.56648989;0;0;0;9.589074368;0;58.71500781;45.34714351;99.3298178;72.0610829;98.32244509;47.41123894;9.589074368;174.9576267;21.04756622;24.12806913;17.75371814;138.2265519;0;87.95350369;0;24.27688525;0;0;0;68.02071527;35.69455903;19.63426922;63.07816961;160.1894574;55.94540334;0;95.37042151;0;169.87;0;30.63664059;0;22.71269895;62.29994223;147.0439526;54.14021446;45.34714351;38.46879752;87.08624188;10.19736362;12.16885073;9.694391132;32.01755044;61.35269012;10.3861269;0.881632733;12.6792614;16.94021425;16.04594896;0;0.375;81;0;11;2;0;2;1;9;10;17;0;17;20;0;0;0;12;19.13302;339.515;0;0;0;0;0;5;0;0;0;0;2;2;0;0;0;9;0;0;0;0;0;0;0;0;0;0;6;0;0;0;0;0;0;0;1;0;16;0;0;0;0;0;0;0;0;0;0;0;0;0;0;2;2;0;0;0;0;4;0;0;0;0;0;0;0;0;0;0;0;0;0;0;0;0;0;0;0;0;0;0;0;0;6;0;0;molecule;5.44;3.97;5.34;3.32;5.37;3.87
CCCCCCCCCCCc1c(/C=C2\C(=O)c3ccccc3C2=C(C#N)C#N)sc2c1sc1c3c4nsnc4c4c5sc6c(CCCCCCCCCCC)c(/C=C7\C(=O)c8ccccc8C7=C(C#N)C#N)sc6c5n(CC(CC)CCCC)c4c3n(CC(CC)CCCC)c21;14.76698273;-0.15577358;14.76698273;0.050464467;0.021837806;1380.011;1289.291;1378.579029;500;0;0.19389546;-0.336515553;0.336515553;0.19389546;0.432989691;0.783505155;1.134020619;32.14222982;9.978541865;2.371487069;-2.200381836;2.562025997;-2.125128928;7.344803811;0.103158239;1.126211467;4593.058378;67.69235499;57.57685346;61.65933637;47.62304698;36.48355162;40.47983469;27.19819036;31.87227718;20.87874206;26.54962176;15.55781765;22.0396659;-7.34;5.74E+26;69.55691892;32.11072035;13.43014455;592.1790778;9.134199296;46.45649575;11.56648989;0;0;0;9.589074368;0;29.79464618;45.34714351;231.3314355;84.76658801;67.03557673;61.99450971;9.589074368;164.0122423;21.04756622;17.88127926;11.83581209;234.4149415;0;113.958358;0;24.27688525;0;0;0;57.07533086;29.44776915;25.93115606;57.16026356;261.2078631;70.82335467;0;95.37042151;0;164.94;0;30.63664059;0;22.71269895;56.38203618;134.5411598;163.0129154;22.67357176;83.35654852;74.95350774;8.747079963;23.55710004;8.596322636;31.56913422;44.25013721;13.09404391;0.466862938;23.52360182;36.3101052;15.46602536;0;0.463414634;97;0;10;2;0;2;3;7;10;15;0;15;34;0;0;0;12;25.20022;412.204;0;0;0;0;0;4;0;0;0;0;2;2;0;0;0;8;0;0;0;0;0;0;0;0;0;0;6;0;0;0;2;0;0;0;3;0;16;0;0;0;0;0;0;0;0;0;0;0;0;0;0;2;2;0;0;0;0;4;0;0;0;0;0;0;0;0;0;0;0;0;0;0;0;0;0;0;0;0;0;0;0;0;4;14;0;molecule;5.57;3.84;5.47;3.41;5.46;3.84
CCCCCCCCCCCc1c(C=C2C(=O)c3cc(F)c(F)cc3C2=C(C#N)C#N)sc2c1sc1c3c4nsnc4c4c5sc6c(CCCCCCCCCCC)c(C=C7C(=O)c8cc(F)c(F)cc8C7=C(C#N)C#N)sc6c5n(CC(CC)CCCC)c4c3n(CC(CC)CCCC)c21;15.23053058;-1.189537706;15.23053058;0.0050303;0.016636919;1451.971;1365.283;1450.541342;524;0;0.194004705;-0.336515553;0.336515553;0.194004705;0.435643564;0.772277228;1.108910891;32.14223133;9.97716622;2.385546277;-2.200381825;2.563903547;-2.125128956;7.344825755;0.103116345;1.136092797;4832.020113;71.17332894;58.77931028;62.86179318;49.23210788;36.89418111;40.89046417;27.73082412;32.40491095;21.14550942;26.81638911;15.6426419;22.12449015;-7.62;5.62E+29;73.14340946;32.79010433;13.97414152;608.8412194;9.134199296;46.45649575;34.83537326;0;0;0;9.589074368;17.56166019;29.79464618;45.34714351;182.8004989;109.0320563;67.03557673;61.99450971;27.15073456;164.0122423;21.04756622;17.88127926;11.83581209;234.4149415;0;112.9617731;0;24.27688525;0;17.56166019;0;57.07533086;29.44776915;25.93115606;80.42914693;261.2078631;46.55788639;0;95.37042151;0;164.94;34.83537326;30.63664059;17.56166019;67.52824524;25.93115606;219.9519838;75.93640357;57.49918373;24.27688525;50.67662249;8.747079963;82.97164254;7.880016032;31.07845824;43.80701364;7.348094391;-5.323123155;11.48471292;33.37951105;14.87367434;0;0.463414634;101;0;10;2;0;2;3;7;10;15;0;19;34;0;0;0;12;25.75662;412.036;0;0;0;0;0;4;0;0;0;0;2;2;0;0;0;8;0;0;0;0;0;0;0;0;0;0;6;0;0;0;2;0;0;0;3;0;16;0;0;0;0;0;0;0;4;0;0;0;0;0;0;2;2;0;0;0;0;4;0;0;0;0;0;0;0;0;0;0;0;0;0;0;0;0;0;0;0;0;0;0;0;0;4;14;0;molecule;5.67;3.96;5.6;3.57;5.61;4.07
CCCCCCCCCCCc1c(/C=C2\C(=O)c3cc(Cl)c(Cl)cc3C2=C(C#N)C#N)sc2c1sc1c3c4nsnc4c4c5sc6c(CCCCCCCCCCC)c(/C=C7\C(=O)c8cc(Cl)c(Cl)cc8C7=C(C#N)C#N)sc6c5n(CC(CC)CCCC)c4c3n(CC(CC)CCCC)c21;14.94107863;-0.29587522;14.94107863;0.153524076;0.02183778;1517.791;1431.103;1514.42314;524;0;0.193950534;-0.336515553;0.336515553;0.193950534;0.435643564;0.772277228;1.108910891;35.50046895;9.978115323;2.382160694;-2.200381862;2.566506695;-2.125128937;7.34493748;0.103159046;1.136092797;4832.020113;71.17332894;58.77931028;65.88550897;49.23210788;36.89418111;42.40232206;27.73082412;34.03371145;21.14550942;28.26068925;15.6426419;22.77914382;-6.18;5.62E+29;74.53414841;33.7228624;14.4679398;633.3921427;9.134199296;46.45649575;11.56648989;0;0;0;9.589074368;0;29.79464618;45.34714351;229.2042585;109.0320563;67.03557673;82.08504297;9.589074368;210.4160018;21.04756622;17.88127926;11.83581209;234.4149415;0;109.783423;0;24.27688525;0;0;0;103.4790904;29.44776915;25.93115606;57.16026356;261.2078631;46.55788639;20.09053325;95.37042151;0;164.94;0;30.63664059;0;53.94944127;45.23582712;167.8160443;129.7380309;46.93904003;34.82561197;74.95350774;55.15083952;23.14838992;34.96213911;31.76878911;45.38487911;11.17657429;0.104621444;14.85387077;35.27538651;15.26979419;0;0.463414634;101;0;10;2;0;2;3;7;10;15;0;19;34;0;0;0;12;27.81382;432.244;0;0;0;0;0;4;0;0;0;0;2;2;0;0;0;8;0;0;0;0;0;0;0;0;0;0;6;0;0;0;2;0;0;0;3;0;16;0;0;0;0;0;0;0;4;0;0;0;0;0;0;2;2;0;0;0;0;4;0;0;0;0;0;0;0;0;0;0;0;0;0;0;0;0;0;0;0;0;0;0;0;0;4;14;0;molecule;5.62;3.94;5.66;3.65;5.57;4
CCCCCCCCCCCc1c(/C=C2\C(=O)c3cc(F)c(F)cc3C2=C(C#N)C#N)sc2c1sc1c3c4nsnc4c4c5sc6c(CCCCCCCCCCC)c(/C=C7\C(=O)c8cc(F)c(F)cc8C7=C(C#N)C#N)sc6c5n(CC(CCCC)CCCCCC)c4c3n(CC(CCCC)CCCCCC)c21;15.3651885;-1.184385917;15.3651885;0.01281872;0.015782172;1564.187;1461.371;1562.666542;572;0;0.194004705;-0.336515371;0.336515371;0.194004705;0.394495413;0.706422018;1.04587156;32.14223329;9.943577869;2.3877978;-2.215555152;2.565926701;-2.135674194;7.344872116;0.103116345;1.161646531;4982.845465;76.83018319;64.43616453;68.51864743;53.23210788;40.89418111;44.89046417;30.61299816;35.28708498;22.92266053;28.59354023;17.16702283;23.64887108;-7.62;1.06E+34;80.88511626;38.06674597;16.81373376;659.7607563;9.134199296;46.45649575;34.83537326;0;0;0;9.589074368;17.56166019;29.79464618;45.34714351;221.3254286;121.8736995;67.03557673;61.99450971;27.15073456;164.0122423;21.04756622;17.88127926;11.83581209;285.7815144;0;112.9617731;0;24.27688525;0;17.56166019;0;57.07533086;29.44776915;25.93115606;80.42914693;312.5744361;46.55788639;0;95.37042151;0;164.94;34.83537326;30.63664059;17.56166019;55.69243315;24.67745534;284.4080696;75.93640357;57.49918373;24.27688525;50.67662249;8.747079963;83.96175281;8.010975398;31.42464633;44.27203833;7.605396668;-5.250309604;11.65067433;42.84467289;14.98015285;0;0.511111111;109;0;10;2;0;2;3;7;10;15;0;19;42;0;0;0;12;28.87742;448.972;0;0;0;0;0;4;0;0;0;0;2;2;0;0;0;8;0;0;0;0;0;0;0;0;0;0;6;0;0;0;2;0;0;0;3;0;16;0;0;0;0;0;0;0;4;0;0;0;0;0;0;2;2;0;0;0;0;4;0;0;0;0;0;0;0;0;0;0;0;0;0;0;0;0;0;0;0;0;0;0;0;0;4;18;0;molecule;5.51;4.05;5.6;3.57;5.46;3.98
CCCCCCc1c(/C=C2\C(=O)c3ccccc3C2=C(C#N)C#N)sc2c1sc1c3c4nn(CC(CC)CCCC)nc4c4c5sc6c(CCCCCC)c(/C=C7\C(=O)c8ccccc8C7=C(C#N)C#N)sc6c5n(CC(CC)CCCC)c4c3n(CC(CC)CCCC)c21;14.75728846;-0.16228673;14.75728846;0.056042987;0.024326087;1334.905;1247.209;1333.586557;488;0;0.19389546;-0.336515134;0.336515134;0.19389546;0.442105263;0.810526316;1.168421053;32.13853438;9.979679064;2.374318395;-2.200206964;2.561218252;-2.125128674;7.344397627;0.103158239;1.235084197;4616.317202;66.60441484;56.65763513;59.92362146;46.48675028;35.47358945;38.73957577;26.56979444;30.71543358;20.5101566;25.6525886;15.188079;21.11029217;-7.76;5.79E+26;67.22896805;29.70456176;12.17080473;574.8826894;9.134199296;46.45649575;11.56648989;0;0;0;9.589074368;0;36.04143606;45.34714351;200.2331585;97.10531568;67.03557673;56.81107878;9.589074368;152.2840549;21.04756622;24.12806913;17.75371814;216.2822425;0;113.958358;0;24.27688525;0;0;0;45.34714351;35.69455903;32.47591246;63.07816961;236.5304078;70.82335467;0;95.37042151;0;169.87;0;30.63664059;0;22.71269895;62.29994223;192.4524892;61.39322535;22.67357176;83.35654852;93.59748837;10.19736362;12.76845986;7.278352645;33.58380919;55.79340527;12.98286916;0.836751595;23.46343006;27.42233142;20.70392413;0;0.45;95;0;11;2;0;2;3;7;10;15;0;15;30;0;0;0;12;23.25562;399.453;0;0;0;0;0;5;0;0;0;0;2;2;0;0;0;9;0;0;0;0;0;0;0;0;0;0;6;0;0;0;2;0;0;0;3;0;16;0;0;0;0;0;0;0;0;0;0;0;0;0;0;2;2;0;0;0;0;4;0;0;0;0;0;0;0;0;0;0;0;0;0;0;0;0;0;0;0;0;0;0;0;0;4;4;0;molecule;5.46;3.7;5.34;3.33;5.37;3.89
CCCCCCc1ccc(C2(c3ccc(CCCCCC)cc3)Oc3c(sc4c5c(sc34)-c3sc4cc(/C=C6\C(=O)c7cc(F)c(F)cc7C6=C(C#N)C#N)sc4c3C(c3ccc(CCCCCC)cc3)(c3ccc(CCCCCC)cc3)O5)-c3sc4cc(/C=C5\C(=O)c6cc(F)c(F)cc6C5=C(C#N)C#N)sc4c32)cc1;15.15908419;-1.325755785;15.15908419;0.013949015;0.02252297;1594.06;1517.452;1592.412696;560;0;0.194004531;-0.469807499;0.469807499;0.194004531;0.366071429;0.660714286;0.946428571;32.14209103;9.775437909;2.530163632;-2.392907873;2.689952599;-2.3760866;7.372816083;0.103116641;0.935876537;5589.41717;77.69199051;62.38173726;67.28071675;54.60552114;38.72150241;43.6204819;29.41764801;35.73084105;22.24771221;29.77598679;16.5589733;24.79173425;-10.12;1.34E+35;75.8959633;31.80591539;13.21115922;672.3738728;9.473725908;35.42309431;57.53649855;0;0;0;9.589074368;17.56166019;21.04756622;68.02071527;201.8066814;133.2975246;85.95416427;38.30826844;36.62446047;131.0849739;21.04756622;0;0;167.3134829;0;266.6639923;0;55.28449769;9.473725908;17.56166019;11.49902367;68.02071527;11.56648989;36.88538811;68.59333483;227.6597844;155.7524936;0;71.00635755;0;147.76;57.18368394;30.63664059;17.56166019;44.54622409;21.25331805;233.770718;44.92737772;57.49918373;36.40961939;124.7568219;9.473725908;82.37737018;9.388561601;34.14499574;41.41423175;6.357938528;-4.712396865;50.67392841;24.65705191;8.864985414;0;0.276595745;112;0;8;2;2;4;6;6;12;14;0;18;26;0;0;0;16;27.42672;448.889;0;0;0;0;0;0;0;0;0;0;2;2;0;0;0;4;0;0;0;0;0;0;0;0;0;0;6;0;0;0;4;0;0;0;6;0;15;0;0;0;0;2;0;0;4;0;0;0;0;0;0;2;2;0;0;0;0;4;0;0;0;0;0;0;0;0;0;0;0;0;0;0;0;0;0;0;0;0;0;0;0;0;6;8;0;molecule;5.42;4.05;5.36;3.51;5.6;3.87
CCCCC(CC)CC1(CC(CC)CCCC)c2cc3c(cc2-c2sc(-c4ccc(/C=C5\SC(=S)N(CC)C5=O)c5nsnc45)cc21)C(CC(CC)CCCC)(CC(CC)CCCC)c1cc(-c2ccc(/C=C4\SC(=S)N(CC)C4=O)c4nsnc24)sc1-3;13.53826741;-0.198383494;13.53826741;0.039866339;0.032017203;1326.072;1237.368;1324.473444;466;0;0.265671352;-0.293174031;0.293174031;0.265671352;0.454545455;0.795454545;1.102272727;32.18366224;9.633938662;2.521270661;-2.395993376;2.661138123;-2.323333919;8.267977276;-0.122328483;1.150509276;3524.862097;62.01899289;53.40501743;59.93699008;42.76247786;33.27082608;38.81390247;25.47650834;31.98933258;20.27205816;26.48776623;15.23655155;21.77724376;-4;5.75E+22;65.49071978;28.47408163;12.19959184;559.2188126;0;30.70787104;0;0;11.81435946;0;19.38889383;0;17.49415993;22.67357176;230.3480286;133.0006025;65.68188849;33.26664772;9.589074368;148.7637339;0;27.29397939;23.67162418;208.4837854;13.08951281;91.72191853;0;41.76239474;0;0;0;94.08946323;60.83891983;20.41905531;23.67162418;231.0345134;58.34120958;0;75.98123783;0;92.18;0;9.589074368;0;22.6443404;55.2124782;95.68718182;165.7923988;20.92672245;48.67308637;103.9208341;41.92990681;21.26656559;20.53253172;37.10822315;0;16.21289633;2.214870843;19.70745072;27.8216243;24.30250402;0;0.527777778;88;0;8;2;2;4;3;4;7;14;0;16;30;0;2;2;11;22.5542;390.244;0;0;0;0;0;4;0;0;0;0;2;2;2;0;0;6;0;0;0;2;0;0;0;0;0;0;0;2;0;0;0;0;0;0;3;0;8;0;0;0;0;0;0;0;0;0;0;0;0;0;0;0;0;0;0;0;0;0;0;0;0;0;0;0;0;0;0;0;0;0;0;0;0;0;0;2;0;0;0;0;0;0;2;0;0;molecule;5.42;3.7;5.35;3.59;5.6;3.59
CCCCCCCCCC1(CCCCCCCCC)c2cc3c(cc2-c2sc(-c4ccc(/C=C5\SC(=S)N(CC)C5=O)c5nsnc45)cc21)C(CCCCCCCCC)(CCCCCCCCC)c1cc(-c2ccc(/C=C4\SC(=S)N(CC)C4=O)c4nsnc24)sc1-3;13.53269347;-0.142015023;13.53269347;0.034544283;0.02116567;1382.18;1285.412;1380.536044;490;0;0.265671352;-0.293174031;0.293174031;0.265671352;0.391304348;0.706521739;1.02173913;32.18366332;9.682575167;2.497397864;-2.344735143;2.648171438;-2.267859041;8.267985469;-0.122328483;1.066745463;3525.991923;64.19487318;55.58089773;62.11287038;45.03507125;35.54341947;41.08649586;26.47928426;32.99210849;20.37883352;26.59454159;15.30862687;21.84931908;-4;8.26E+24;69.35360267;32.82918367;14.6420492;584.6785811;0;30.70787104;0;0;11.81435946;0;19.38889383;0;17.49415993;22.67357176;279.7029393;109.3289783;65.68188849;33.26664772;9.589074368;148.7637339;0;27.29397939;0;257.8386961;13.08951281;91.72191853;0;41.76239474;0;0;0;94.08946323;60.83891983;20.41905531;0;280.3894241;58.34120958;0;75.98123783;0;92.18;0;9.589074368;0;22.6443404;31.54085401;70.00389533;268.5255448;20.92672245;48.67308637;76.22588535;41.92990681;21.24718367;20.56409358;37.15763356;0;16.44117047;-0.069088567;19.67140783;44.45443513;14.36649765;0;0.552631579;92;0;8;2;2;4;3;4;7;14;0;16;38;0;2;2;11;24.691;408.992;0;0;0;0;0;4;0;0;0;0;2;2;2;0;0;6;0;0;0;2;0;0;0;0;0;0;0;2;0;0;0;0;0;0;3;0;8;0;0;0;0;0;0;0;0;0;0;0;0;0;0;0;0;0;0;0;0;0;0;0;0;0;0;0;0;0;0;0;0;0;0;0;0;0;0;2;0;0;0;0;0;0;2;20;0;molecule;5.4;3.72;5.35;3.59;5.65;3.6
CCCCCCCCC1(CCCCCCCC)c2cc(-c3ccc(/C=C4\SC(=S)N(CC)C4=O)c4nsnc34)ccc2-c2ccc(-c3ccc(/C=C4\SC(=S)N(CC)C4=O)c4nsnc34)cc21;13.20574172;-0.187445577;13.20574172;0.056523391;0.041819279;1001.473;945.025;1000.278901;346;0;0.265671352;-0.293174031;0.293174031;0.265671352;0.507462687;0.895522388;1.298507463;32.18343939;9.695548161;2.428878607;-2.333321897;2.561226073;-2.267814088;8.267894031;-0.122328483;1.13336359;2753.886622;46.65755004;38.69117963;43.59015911;32.70340747;24.02226921;27.93235244;17.8178809;22.22630745;13.74278577;17.55523767;10.20607616;14.11786436;-4.18;1.58E+15;47.86786843;21.2158181;9.34966831;421.6828071;0;30.70787104;0;0;11.81435946;0;19.38889383;0;17.49415993;0;187.3877872;84.35460095;40.75830925;33.26664772;9.589074368;126.0901622;0;27.29397939;0;123.001442;13.08951281;92.72774968;0;33.38070895;0;0;0;71.41589148;60.83891983;15.00406484;0;139.8402575;70.47394371;0;67.59955203;0;92.18;0;9.589074368;0;17.22934993;31.54085401;81.13079831;133.4421668;9.799819462;25.99951461;74.51114508;41.92990681;20.52381371;16.16938165;30.93714354;0;14.63720509;-0.113046783;22.65296912;20.87746157;9.565072101;0;0.396226415;67;0;8;1;2;3;4;2;6;12;0;14;20;0;2;2;9;15.2399;292.568;0;0;0;0;0;4;0;0;0;0;2;2;2;0;0;6;0;0;0;2;0;0;0;0;0;0;0;2;0;0;0;0;0;0;4;0;5;0;0;0;0;0;0;0;0;0;0;0;0;0;0;0;0;0;0;0;0;0;0;0;0;0;0;0;0;0;0;0;0;0;0;0;0;0;0;2;0;0;0;0;0;0;0;8;0;molecule;5.83;3.75;5.64;3.01;6.16;3.7
CCCCCCCCCc1c(/C=C2\C(=O)c3cc(Cl)c(Cl)cc3C2=C(C#N)C#N)sc2c1sc1c3c4nsnc4c4c5sc6c(CCCCCCCCC)c(/C=C7\C(=O)c8cc(Cl)c(Cl)cc8C7=C(C#N)C#N)sc6c5n(CC(CCCC)CCCCCC)c4c3n(CC(CCCC)CCCCCC)c21;15.04422089;-0.290718103;15.04422089;0.149113362;0.020953244;1573.899;1479.147;1570.48574;548;0;0.193950534;-0.336515371;0.336515371;0.193950534;0.40952381;0.733333333;1.085714286;35.50046978;9.94357923;2.383864255;-2.215555105;2.567974596;-2.135674172;7.344961131;0.103159046;1.185899316;4907.38585;74.00175607;61.6077374;68.71393609;51.23210788;38.89418111;44.40232206;29.19878459;35.50167192;21.92266053;29.03784036;16.45991605;23.59641797;-6.18;9.08E+31;78.4038317;36.35360062;15.87973468;658.8519112;9.134199296;46.45649575;11.56648989;0;0;0;9.589074368;0;29.79464618;45.34714351;242.0459017;121.8736995;67.03557673;82.08504297;9.589074368;210.4160018;21.04756622;17.88127926;11.83581209;260.0982279;0;109.783423;0;24.27688525;0;0;0;103.4790904;29.44776915;25.93115606;57.16026356;286.8911496;46.55788639;20.09053325;95.37042151;0;164.94;0;21.04756622;9.589074368;53.94944127;45.23582712;173.0660895;150.1712722;46.93904003;34.82561197;74.95350774;55.15083952;23.52193793;35.20166306;31.99304177;45.70507137;11.37899897;0.154014297;14.96057446;39.72834747;15.30079511;0;0.488372093;105;0;10;2;0;2;3;7;10;15;0;19;38;0;0;0;12;29.37422;450.712;0;0;0;0;0;4;0;0;0;0;2;2;0;0;0;8;0;0;0;0;0;0;0;0;0;0;6;0;0;0;2;0;0;0;3;0;16;0;0;0;0;0;0;0;4;0;0;0;0;0;0;2;2;0;0;0;0;4;0;0;0;0;0;0;0;0;0;0;0;0;0;0;0;0;0;0;0;0;0;0;0;0;4;14;0;molecule;5.59;3.92;5.66;3.65;5.56;4.18
